<?xml version="1.0" encoding="utf-8"?>
<!DOCTYPE hibernate-mapping PUBLIC "-//Hibernate/Hibernate Mapping DTD 3.0//EN"
"http://hibernate.sourceforge.net/hibernate-mapping-3.0.dtd">
<hibernate-mapping>
	
	<class name="com.itheima.domain.Person" table="person">
		
		<id name="id" type="java.lang.Integer" length="5" column="id">
			
			<generator class="increment"></generator>
		</id>
	
		<property name="" type="java.lang.String" length="20"></property>
		<property name="" type="java.lang.String" length="50"></property>
	</class>
</hibernate-mapping>